language,avg_dependency_length,avg_complexity,avg_arity,avg_subtree_size,avg_depth,percent_left_dependencies,percent_right_dependencies,most_common_pos,entropy_pos_distribution,avg_efficiency_ratio
catalan,3.0540447504302928,4.7913773669972946,0.5836339044183949,2.687669071235347,5.307709648331831,0.2399311531841652,0.7600688468158348,DET,3.047309613350449,2.187787990557478
galician,3.2028941814892975,5.177960278614458,0.5990210843373494,3.164439006024097,5.505365210843373,0.1992764546276756,0.8007235453723244,DET,2.942462082439605,2.022355813257722
indonesian,3.431921824104234,4.448073272589218,0.5677676537585421,2.5833333333333335,4.540432801822323,0.2853420195439739,0.714657980456026,PROPN,3.174992447988841,3.067943939600453
marathi,2.273062730627306,2.863068181818182,0.3961038961038961,1.672077922077922,2.330357142857143,0.7859778597785978,0.2140221402214022,NOUN,2.973115525391434,1.321947870163133
persian,5.6043777867855695,5.257348473889772,0.6915955446260669,3.153768262693476,5.383552726746709,0.550871503850831,0.449128496149169,NOUN,2.4879378872984184,2.7133475010024815
tamil,3.4877862595419846,4.5103086014445175,0.6075727730356753,2.6134821623987743,4.492449113591595,0.9198473282442748,0.0801526717557251,NOUN,2.867807005552813,2.25539405285906
telugu,1.7073170731707317,2.1797959183673465,0.2489795918367346,1.316326530612245,1.4857142857142858,0.9616724738675958,0.0383275261324041,NOUN,2.5442470065156195,1.1159027017072498
