typology,avg_complexity,avg_dependency_length,avg_arity,avg_subtree_size,avg_depth,avg_efficiency_ratio
SOV,4.866088382959686,10.973157031366506,0.6436347367897798,2.895560968335239,4.899239449222051,2.4852149960854444
SVO,4.884194798901631,10.099983847520594,0.5868599580035535,2.8700129219835246,5.229284445162333,2.3040499065615885
