language,condition,avg_dependency_length,avg_complexity,avg_arity,avg_subtree_size,avg_depth,avg_efficiency_ratio
galician,fully_random,11.07663410969196,7.316366241606187,0.9292164077867463,6.219765312351624,5.410118361256189,3.6755366403694754
galician,grammar_constrained,5.03706350827037,6.009775403887864,0.72093730363043,3.6065716660247706,6.605882472178866,2.9262434953402323
galician,projective_random,6.907530500631047,6.610239232118495,0.7874196063145585,3.9671969401676086,7.387193042291951,3.0295394744449933
galician,real,3.2028941814892975,5.177960278614458,0.5990210843373494,3.1644390060240966,5.505365210843373,2.0223558132577226
galician,simplified,3.2260403530895334,4.974543144727842,0.5515489103879605,2.6272842763607933,5.927782663930421,2.331044822796572
