language,condition,avg_dependency_length,avg_complexity,avg_arity,avg_subtree_size,avg_depth,avg_efficiency_ratio
catalan,fully_random,12.840526839437153,7.117997970666911,0.9362789410570981,6.004401807951296,5.232262706392399,4.616059948750001
catalan,grammar_constrained,4.155310282689492,5.521859330532592,0.6870307629760131,3.2705515652527444,5.995907304512807,2.8508224341350634
catalan,projective_random,6.570738137082601,6.217971247074558,0.7832163156135072,3.7299364760949514,6.783149448345035,3.2369284799291704
catalan,real,3.0540447504302928,4.7913773669972946,0.5836339044183949,2.687669071235347,5.307709648331831,2.187787990557478
catalan,simplified,2.9041873669268985,4.5282746823069395,0.5296920821114369,2.3570381231671553,5.281524926686217,2.1184744729477205
